{"Description":"","MaxResults":500,"DisplayedColumns":[{"HeaderText":"Prim Resp","ColumnName":"ResponsibleFullName","DataType":1,"SortColumnExpression":"ResponsibleFullName","SortColumnName":"ResponsibleFullName","SortDataType":1,"Aggregate":0,"Component":0,"FooterExpression":null},{"HeaderText":"Created","ColumnName":"CreatedDate","DataType":7,"SortColumnExpression":"CreatedDate","SortColumnName":"CreatedDate","SortDataType":7,"Aggregate":0,"Component":0,"FooterExpression":null},{"HeaderText":"Resolved Date","ColumnName":"ClosedDate","DataType":7,"SortColumnExpression":"ClosedDate","SortColumnName":"ClosedDate","SortDataType":7,"Aggregate":0,"Component":0,"FooterExpression":null}],"SortOrder":[],"ChartType":"None","ChartSettings":[],"DataRows":[{"ResponsibleFullName":"Roberto Stewart","CreatedDate":"2023-01-24T16:35:58.347Z","ClosedDate":"2023-02-21T17:35:45.887Z"},{"ResponsibleFullName":"Nicholas Marshall","CreatedDate":"2023-02-08T18:08:07.753Z","ClosedDate":"2023-02-22T12:50:32.08Z"},{"ResponsibleFullName":"Ronnie Walters","CreatedDate":"2023-02-10T21:09:38.413Z","ClosedDate":"2023-02-22T18:05:38.98Z"},{"ResponsibleFullName":"Ronnie Walters","CreatedDate":"2023-02-13T14:53:48.117Z","ClosedDate":"2023-02-24T20:26:28.287Z"},{"ResponsibleFullName":"Ruth Santos","CreatedDate":"2023-02-14T13:48:40.463Z","ClosedDate":"2023-02-21T16:02:27.703Z"},{"ResponsibleFullName":"Pedro Ventura","CreatedDate":"2023-02-14T16:46:04.123Z","ClosedDate":"2023-02-21T14:45:42.483Z"},{"ResponsibleFullName":"Nicholas Marshall","CreatedDate":"2023-02-14T18:30:42.437Z","ClosedDate":"2023-02-22T12:53:00.553Z"},{"ResponsibleFullName":"Nicholas Marshall","CreatedDate":"2023-02-14T20:08:20.933Z","ClosedDate":"2023-02-22T12:45:05.01Z"},{"ResponsibleFullName":"Nicholas Marshall","CreatedDate":"2023-02-15T12:57:12.73Z","ClosedDate":"2023-02-21T12:32:07.38Z"},{"ResponsibleFullName":"Pedro Ventura","CreatedDate":"2023-02-15T16:26:59.787Z","ClosedDate":"2023-02-21T21:11:03.71Z"},{"ResponsibleFullName":"Natasha Reynoso","CreatedDate":"2023-02-15T17:25:35.11Z","ClosedDate":"2023-02-21T14:20:27.73Z"},{"ResponsibleFullName":"Ruth Santos","CreatedDate":"2023-02-15T18:47:25.757Z","ClosedDate":"2023-02-21T20:33:37.577Z"},{"ResponsibleFullName":"Ruth Santos","CreatedDate":"2023-02-15T20:35:26.033Z","ClosedDate":"2023-02-22T17:36:32.307Z"},{"ResponsibleFullName":"Ruth Santos","CreatedDate":"2023-02-16T12:31:56.6Z","ClosedDate":"2023-02-21T14:08:43.593Z"},{"ResponsibleFullName":"Pedro Ventura","CreatedDate":"2023-02-16T13:45:29.97Z","ClosedDate":"2023-02-21T14:25:04.473Z"},{"ResponsibleFullName":"Ruth Santos","CreatedDate":"2023-02-16T14:33:54.107Z","ClosedDate":"2023-02-21T15:17:33.293Z"},{"ResponsibleFullName":"Ruth Santos","CreatedDate":"2023-02-16T15:18:33.933Z","ClosedDate":"2023-02-21T19:43:46.993Z"},{"ResponsibleFullName":"Ruth Santos","CreatedDate":"2023-02-16T15:50:32.627Z","ClosedDate":"2023-02-22T19:08:32.64Z"},{"ResponsibleFullName":"Ronnie Walters","CreatedDate":"2023-02-16T19:54:08.563Z","ClosedDate":"2023-02-23T19:29:24.09Z"},{"ResponsibleFullName":"Nicholas Marshall","CreatedDate":"2023-02-17T00:26:57.037Z","ClosedDate":"2023-02-23T14:39:29.163Z"},{"ResponsibleFullName":"Nicholas Marshall","CreatedDate":"2023-02-17T13:13:45.147Z","ClosedDate":"2023-02-22T14:32:21.573Z"},{"ResponsibleFullName":"Ruth Santos","CreatedDate":"2023-02-17T15:07:37.18Z","ClosedDate":"2023-02-22T14:11:31.777Z"},{"ResponsibleFullName":"Pedro Ventura","CreatedDate":"2023-02-17T16:39:21.003Z","ClosedDate":"2023-02-23T14:17:02.653Z"},{"ResponsibleFullName":"Ronnie Walters","CreatedDate":"2023-02-17T19:17:23.48Z","ClosedDate":"2023-02-23T15:29:08.33Z"},{"ResponsibleFullName":"Ruth Santos","CreatedDate":"2023-02-17T19:46:39.563Z","ClosedDate":"2023-02-22T16:47:47.987Z"},{"ResponsibleFullName":"Nicholas Marshall","CreatedDate":"2023-02-20T15:36:26.807Z","ClosedDate":"2023-02-22T12:46:47.13Z"},{"ResponsibleFullName":"Ruth Santos","CreatedDate":"2023-02-21T14:04:29.743Z","ClosedDate":"2023-02-22T13:34:09.27Z"},{"ResponsibleFullName":"Ruth Santos","CreatedDate":"2023-02-21T15:24:18.407Z","ClosedDate":"2023-02-24T15:05:24.853Z"},{"ResponsibleFullName":"Ruth Santos","CreatedDate":"2023-02-21T15:51:31.977Z","ClosedDate":"2023-02-22T17:35:26.033Z"},{"ResponsibleFullName":"Pedro Ventura","CreatedDate":"2023-02-21T17:12:40.537Z","ClosedDate":"2023-02-23T20:08:12.063Z"},{"ResponsibleFullName":"Ruth Santos","CreatedDate":"2023-02-21T18:11:05.403Z","ClosedDate":"2023-02-21T19:42:42.427Z"},{"ResponsibleFullName":"Pedro Ventura","CreatedDate":"2023-02-21T18:45:18.307Z","ClosedDate":"2023-02-21T18:58:03.39Z"},{"ResponsibleFullName":"Nicholas Marshall","CreatedDate":"2023-02-22T13:14:35.32Z","ClosedDate":"2023-02-22T14:42:04.217Z"},{"ResponsibleFullName":"Nicholas Marshall","CreatedDate":"2023-02-22T13:58:04.147Z","ClosedDate":"2023-02-23T15:40:47.927Z"},{"ResponsibleFullName":"Roberto Stewart","CreatedDate":"2023-02-22T14:49:22.99Z","ClosedDate":"2023-02-23T16:04:33.217Z"},{"ResponsibleFullName":"Pedro Ventura","CreatedDate":"2023-02-22T14:49:52.013Z","ClosedDate":"2023-02-22T15:38:58.703Z"},{"ResponsibleFullName":"Ruth Santos","CreatedDate":"2023-02-22T14:53:20.477Z","ClosedDate":"2023-02-23T19:39:20.707Z"},{"ResponsibleFullName":"Ruth Santos","CreatedDate":"2023-02-22T15:02:51.657Z","ClosedDate":"2023-02-22T15:10:03.463Z"},{"ResponsibleFullName":"Nicholas Marshall","CreatedDate":"2023-02-22T15:27:14.963Z","ClosedDate":"2023-02-22T20:40:55Z"},{"ResponsibleFullName":"Nicholas Marshall","CreatedDate":"2023-02-22T16:09:34.887Z","ClosedDate":"2023-02-24T16:07:51.81Z"},{"ResponsibleFullName":"Nicholas Marshall","CreatedDate":"2023-02-22T16:42:32.733Z","ClosedDate":"2023-02-23T16:47:36.397Z"},{"ResponsibleFullName":"Pedro Ventura","CreatedDate":"2023-02-22T17:15:22.35Z","ClosedDate":"2023-02-23T15:26:38.377Z"},{"ResponsibleFullName":"Unassigned","CreatedDate":"2023-02-22T18:35:58.943Z","ClosedDate":"2023-02-22T21:22:17.34Z"},{"ResponsibleFullName":"Natasha Reynoso","CreatedDate":"2023-02-22T19:39:59.493Z","ClosedDate":"2023-02-22T20:08:08.883Z"},{"ResponsibleFullName":"Pedro Ventura","CreatedDate":"2023-02-22T19:47:22.277Z","ClosedDate":"2023-02-23T15:17:39.44Z"},{"ResponsibleFullName":"Unassigned","CreatedDate":"2023-02-22T20:35:35.69Z","ClosedDate":"2023-02-22T21:21:40.427Z"},{"ResponsibleFullName":"Pedro Ventura","CreatedDate":"2023-02-22T20:48:53.39Z","ClosedDate":"2023-02-23T15:27:57.473Z"},{"ResponsibleFullName":"Ruth Santos","CreatedDate":"2023-02-22T21:12:26.33Z","ClosedDate":"2023-02-23T19:38:16.35Z"},{"ResponsibleFullName":"Unassigned","CreatedDate":"2023-02-22T21:12:38.493Z","ClosedDate":"2023-02-22T21:20:12.957Z"},{"ResponsibleFullName":"Nicholas Marshall","CreatedDate":"2023-02-23T14:23:41.99Z","ClosedDate":"2023-02-23T15:04:27.623Z"},{"ResponsibleFullName":"Natasha Reynoso","CreatedDate":"2023-02-23T14:32:14.42Z","ClosedDate":"2023-02-23T19:38:54.763Z"},{"ResponsibleFullName":"Nicholas Marshall","CreatedDate":"2023-02-23T14:59:28.33Z","ClosedDate":"2023-02-23T17:14:05.473Z"},{"ResponsibleFullName":"Pedro Ventura","CreatedDate":"2023-02-23T16:06:26.183Z","ClosedDate":"2023-02-23T16:38:14.603Z"},{"ResponsibleFullName":"Nicholas Marshall","CreatedDate":"2023-02-23T16:50:09.603Z","ClosedDate":"2023-02-23T17:27:10.18Z"},{"ResponsibleFullName":"Nicholas Marshall","CreatedDate":"2023-02-23T16:51:52.737Z","ClosedDate":"2023-02-23T20:06:12.137Z"},{"ResponsibleFullName":"Ronnie Walters","CreatedDate":"2023-02-23T18:07:54.64Z","ClosedDate":"2023-02-23T19:49:28.993Z"},{"ResponsibleFullName":"Ruth Santos","CreatedDate":"2023-02-23T21:26:17.55Z","ClosedDate":"2023-02-24T13:34:09.72Z"},{"ResponsibleFullName":"Nicholas Marshall","CreatedDate":"2023-02-24T13:54:51.137Z","ClosedDate":"2023-02-24T18:54:15.927Z"},{"ResponsibleFullName":"Ruth Santos","CreatedDate":"2023-02-24T16:36:44.013Z","ClosedDate":"2023-02-24T18:02:11.11Z"},{"ResponsibleFullName":"Pedro Ventura","CreatedDate":"2023-02-24T17:02:14.41Z","ClosedDate":"2023-02-24T19:24:33.92Z"}],"ID":1170,"Name":"Create to close  (Copy)","CreatedUid":"2a4d048a-f6f9-ec11-b47a-c89665342702","CreatedFullName":"Mike Sidnam","CreatedDate":"2023-02-28T20:57:25.28Z","OwningGroupID":null,"OwningGroupName":null,"SystemAppName":"TDTickets","PlatformAppID":30,"PlatformAppName":"Technology Tickets","ReportSourceID":2,"ReportSourceName":"Ticket","Uri":"api/reports/1170"}