{"Description":"","MaxResults":500,"DisplayedColumns":[{"HeaderText":"Prim Resp","ColumnName":"ResponsibleFullName","DataType":1,"SortColumnExpression":"ResponsibleFullName","SortColumnName":"ResponsibleFullName","SortDataType":1,"Aggregate":0,"Component":0,"FooterExpression":null},{"HeaderText":"Created","ColumnName":"CreatedDate","DataType":7,"SortColumnExpression":"CreatedDate","SortColumnName":"CreatedDate","SortDataType":7,"Aggregate":0,"Component":0,"FooterExpression":null},{"HeaderText":"Resolved Date","ColumnName":"ClosedDate","DataType":7,"SortColumnExpression":"ClosedDate","SortColumnName":"ClosedDate","SortDataType":7,"Aggregate":0,"Component":0,"FooterExpression":null}],"SortOrder":[],"ChartType":"None","ChartSettings":[],"DataRows":[{"ResponsibleFullName":"Pedro Ventura","CreatedDate":"2022-08-17T12:51:18.577Z","ClosedDate":"2023-02-02T14:35:11.44Z"},{"ResponsibleFullName":"Ronnie Walters","CreatedDate":"2023-01-13T16:43:04.097Z","ClosedDate":"2023-02-06T14:26:50.843Z"},{"ResponsibleFullName":"Nicholas Marshall","CreatedDate":"2023-01-18T15:14:28.04Z","ClosedDate":"2023-02-02T16:12:47.38Z"},{"ResponsibleFullName":"Roberto Stewart","CreatedDate":"2023-01-20T13:59:05.41Z","ClosedDate":"2023-02-10T15:11:15.433Z"},{"ResponsibleFullName":"Pedro Ventura","CreatedDate":"2023-01-24T12:00:15.6Z","ClosedDate":"2023-02-01T17:19:51.363Z"},{"ResponsibleFullName":"Pedro Ventura","CreatedDate":"2023-01-24T14:05:57.767Z","ClosedDate":"2023-02-02T18:08:16.45Z"},{"ResponsibleFullName":"Roberto Stewart","CreatedDate":"2023-01-24T16:35:58.347Z","ClosedDate":"2023-02-21T17:35:45.887Z"},{"ResponsibleFullName":"Nicholas Marshall","CreatedDate":"2023-01-24T19:14:59.553Z","ClosedDate":"2023-02-01T16:45:01.087Z"},{"ResponsibleFullName":"Pedro Ventura","CreatedDate":"2023-01-24T20:00:19.223Z","ClosedDate":"2023-02-02T22:03:08.02Z"},{"ResponsibleFullName":"Ruth Santos","CreatedDate":"2023-01-25T21:00:42.873Z","ClosedDate":"2023-02-01T13:45:50.613Z"},{"ResponsibleFullName":"Ruth Santos","CreatedDate":"2023-01-26T13:39:19.763Z","ClosedDate":"2023-02-01T14:30:58.87Z"},{"ResponsibleFullName":"Nicholas Marshall","CreatedDate":"2023-01-26T15:21:33.1Z","ClosedDate":"2023-02-01T16:59:57.513Z"},{"ResponsibleFullName":"Ronnie Walters","CreatedDate":"2023-01-26T15:37:28.027Z","ClosedDate":"2023-02-01T15:15:36.203Z"},{"ResponsibleFullName":"Ruth Santos","CreatedDate":"2023-01-26T17:43:36.003Z","ClosedDate":"2023-02-02T14:39:12.393Z"},{"ResponsibleFullName":"Ronnie Walters","CreatedDate":"2023-01-26T20:11:25.843Z","ClosedDate":"2023-02-02T20:16:12.79Z"},{"ResponsibleFullName":"Nicholas Marshall","CreatedDate":"2023-01-26T20:15:34.737Z","ClosedDate":"2023-02-03T17:46:58.7Z"},{"ResponsibleFullName":"Nicholas Marshall","CreatedDate":"2023-01-27T14:04:19.093Z","ClosedDate":"2023-02-01T15:11:34.673Z"},{"ResponsibleFullName":"Pedro Ventura","CreatedDate":"2023-01-27T15:05:29.08Z","ClosedDate":"2023-02-06T17:37:54.243Z"},{"ResponsibleFullName":"Ronnie Walters","CreatedDate":"2023-01-27T16:41:30.16Z","ClosedDate":"2023-02-13T15:17:55.35Z"},{"ResponsibleFullName":"Pedro Ventura","CreatedDate":"2023-01-27T17:01:40.763Z","ClosedDate":"2023-02-01T17:13:09.87Z"},{"ResponsibleFullName":"Nicholas Marshall","CreatedDate":"2023-01-27T17:55:06.833Z","ClosedDate":"2023-02-01T17:47:40.27Z"},{"ResponsibleFullName":"Pedro Ventura","CreatedDate":"2023-01-27T18:41:39.75Z","ClosedDate":"2023-02-02T12:25:53.6Z"},{"ResponsibleFullName":"Ronnie Walters","CreatedDate":"2023-01-27T18:58:47.207Z","ClosedDate":"2023-02-02T12:38:52.157Z"},{"ResponsibleFullName":"Nicholas Marshall","CreatedDate":"2023-01-27T19:49:27.857Z","ClosedDate":"2023-02-02T15:25:52.937Z"},{"ResponsibleFullName":"Nicholas Marshall","CreatedDate":"2023-01-30T14:41:41.87Z","ClosedDate":"2023-02-02T16:55:31.55Z"},{"ResponsibleFullName":"Ronnie Walters","CreatedDate":"2023-01-30T18:34:21.927Z","ClosedDate":"2023-02-01T18:47:18.773Z"},{"ResponsibleFullName":"Ronnie Walters","CreatedDate":"2023-01-30T20:15:15.64Z","ClosedDate":"2023-02-02T20:01:21.433Z"},{"ResponsibleFullName":"Ronnie Walters","CreatedDate":"2023-01-30T20:17:49.13Z","ClosedDate":"2023-02-09T17:07:30.68Z"},{"ResponsibleFullName":"Nicholas Marshall","CreatedDate":"2023-01-30T21:13:59.617Z","ClosedDate":"2023-02-01T14:13:47.54Z"},{"ResponsibleFullName":"Pedro Ventura","CreatedDate":"2023-01-31T14:22:30.507Z","ClosedDate":"2023-02-08T19:28:34.497Z"},{"ResponsibleFullName":"Nicholas Marshall","CreatedDate":"2023-01-31T16:47:01.17Z","ClosedDate":"2023-02-01T17:39:45.88Z"},{"ResponsibleFullName":"Nicholas Marshall","CreatedDate":"2023-01-31T16:59:35.167Z","ClosedDate":"2023-02-07T15:15:48.14Z"},{"ResponsibleFullName":"Ronnie Walters","CreatedDate":"2023-01-31T17:50:08.547Z","ClosedDate":"2023-02-01T21:27:17.473Z"},{"ResponsibleFullName":"Ronnie Walters","CreatedDate":"2023-01-31T19:04:20.187Z","ClosedDate":"2023-02-02T17:22:09.507Z"},{"ResponsibleFullName":"Nicholas Marshall","CreatedDate":"2023-01-31T19:19:07.95Z","ClosedDate":"2023-02-01T16:18:54.613Z"},{"ResponsibleFullName":"Ronnie Walters","CreatedDate":"2023-01-31T19:44:35.59Z","ClosedDate":"2023-02-09T19:22:51.253Z"},{"ResponsibleFullName":"Nicholas Marshall","CreatedDate":"2023-01-31T19:47:23.74Z","ClosedDate":"2023-02-02T15:43:45.657Z"},{"ResponsibleFullName":"Nicholas Marshall","CreatedDate":"2023-01-31T20:31:12.25Z","ClosedDate":"2023-02-06T17:38:57.957Z"},{"ResponsibleFullName":"Pedro Ventura","CreatedDate":"2023-01-31T20:41:48.697Z","ClosedDate":"2023-02-08T19:27:58.187Z"},{"ResponsibleFullName":"Ruth Santos","CreatedDate":"2023-02-01T12:27:22.26Z","ClosedDate":"2023-02-01T13:48:47.21Z"},{"ResponsibleFullName":"Nicholas Marshall","CreatedDate":"2023-02-01T12:57:41.29Z","ClosedDate":"2023-02-06T13:25:53.1Z"},{"ResponsibleFullName":"Ruth Santos","CreatedDate":"2023-02-01T13:20:15.4Z","ClosedDate":"2023-02-15T16:22:06.107Z"},{"ResponsibleFullName":"Ruth Santos","CreatedDate":"2023-02-01T14:14:04.693Z","ClosedDate":"2023-02-03T14:33:30.853Z"},{"ResponsibleFullName":"Ronnie Walters","CreatedDate":"2023-02-01T14:16:53.3Z","ClosedDate":"2023-02-02T21:01:11.023Z"},{"ResponsibleFullName":"Nicholas Marshall","CreatedDate":"2023-02-01T15:08:30.317Z","ClosedDate":"2023-02-06T17:06:28.647Z"},{"ResponsibleFullName":"Ruth Santos","CreatedDate":"2023-02-01T15:51:46.337Z","ClosedDate":"2023-02-02T18:48:55.193Z"},{"ResponsibleFullName":"Pedro Ventura","CreatedDate":"2023-02-01T15:55:51.41Z","ClosedDate":"2023-02-01T17:11:58.593Z"},{"ResponsibleFullName":"Pedro Ventura","CreatedDate":"2023-02-01T16:39:30.52Z","ClosedDate":"2023-02-07T21:47:23.393Z"},{"ResponsibleFullName":"Ruth Santos","CreatedDate":"2023-02-01T16:54:35.42Z","ClosedDate":"2023-02-02T18:50:23.127Z"},{"ResponsibleFullName":"Nicholas Marshall","CreatedDate":"2023-02-01T17:01:09.993Z","ClosedDate":"2023-02-03T18:04:38.827Z"},{"ResponsibleFullName":"Ruth Santos","CreatedDate":"2023-02-01T17:52:38Z","ClosedDate":"2023-02-02T14:38:51.437Z"},{"ResponsibleFullName":"Nicholas Marshall","CreatedDate":"2023-02-01T18:04:36.327Z","ClosedDate":"2023-02-06T20:44:27.633Z"},{"ResponsibleFullName":"Ruth Santos","CreatedDate":"2023-02-01T19:52:29.183Z","ClosedDate":"2023-02-02T18:52:03.08Z"},{"ResponsibleFullName":"Pedro Ventura","CreatedDate":"2023-02-01T20:41:08.73Z","ClosedDate":"2023-02-15T18:47:02.39Z"},{"ResponsibleFullName":"Ruth Santos","CreatedDate":"2023-02-01T21:17:51.877Z","ClosedDate":"2023-02-01T21:31:07.477Z"},{"ResponsibleFullName":"Ronnie Walters","CreatedDate":"2023-02-02T17:35:32.37Z","ClosedDate":"2023-02-08T15:04:36.137Z"},{"ResponsibleFullName":"Ruth Santos","CreatedDate":"2023-02-02T18:13:09.71Z","ClosedDate":"2023-02-07T14:11:53.767Z"},{"ResponsibleFullName":"Unassigned","CreatedDate":"2023-02-02T18:25:59.177Z","ClosedDate":"2023-02-02T19:30:44.103Z"},{"ResponsibleFullName":"Pedro Ventura","CreatedDate":"2023-02-02T19:17:52.48Z","ClosedDate":"2023-02-03T12:20:02.423Z"},{"ResponsibleFullName":"Ruth Santos","CreatedDate":"2023-02-02T19:22:26.9Z","ClosedDate":"2023-02-03T14:28:47.89Z"},{"ResponsibleFullName":"Ronnie Walters","CreatedDate":"2023-02-02T19:52:32.217Z","ClosedDate":"2023-02-17T17:05:53.73Z"},{"ResponsibleFullName":"Ronnie Walters","CreatedDate":"2023-02-02T20:13:43.573Z","ClosedDate":"2023-02-06T15:17:08.287Z"},{"ResponsibleFullName":"Ruth Santos","CreatedDate":"2023-02-02T20:42:49.153Z","ClosedDate":"2023-02-08T16:43:18.31Z"},{"ResponsibleFullName":"Ronnie Walters","CreatedDate":"2023-02-02T20:53:59.557Z","ClosedDate":"2023-02-09T14:55:10.077Z"},{"ResponsibleFullName":"Pedro Ventura","CreatedDate":"2023-02-03T15:01:14.707Z","ClosedDate":"2023-02-14T18:14:44.577Z"},{"ResponsibleFullName":"Nicholas Marshall","CreatedDate":"2023-02-03T15:12:10.143Z","ClosedDate":"2023-02-07T16:04:30.407Z"},{"ResponsibleFullName":"Pedro Ventura","CreatedDate":"2023-02-03T18:35:14.107Z","ClosedDate":"2023-02-06T14:56:02.7Z"},{"ResponsibleFullName":"Ruth Santos","CreatedDate":"2023-02-03T20:25:03.06Z","ClosedDate":"2023-02-06T16:25:11.077Z"},{"ResponsibleFullName":"Ruth Santos","CreatedDate":"2023-02-03T22:36:52.23Z","ClosedDate":"2023-02-06T13:31:42.263Z"},{"ResponsibleFullName":"Nicholas Marshall","CreatedDate":"2023-02-05T20:14:48.273Z","ClosedDate":"2023-02-07T14:42:27.237Z"},{"ResponsibleFullName":"Pedro Ventura","CreatedDate":"2023-02-06T12:23:04.933Z","ClosedDate":"2023-02-06T13:17:48.36Z"},{"ResponsibleFullName":"Pedro Ventura","CreatedDate":"2023-02-06T12:30:08.043Z","ClosedDate":"2023-02-06T13:19:14.41Z"},{"ResponsibleFullName":"Nicholas Marshall","CreatedDate":"2023-02-06T14:32:10.51Z","ClosedDate":"2023-02-07T17:37:09.767Z"},{"ResponsibleFullName":"Ronnie Walters","CreatedDate":"2023-02-06T14:44:52.567Z","ClosedDate":"2023-02-07T15:10:25.597Z"},{"ResponsibleFullName":"Ruth Santos","CreatedDate":"2023-02-06T14:55:55.01Z","ClosedDate":"2023-02-15T14:43:54.293Z"},{"ResponsibleFullName":"Pedro Ventura","CreatedDate":"2023-02-06T15:23:20.673Z","ClosedDate":"2023-02-06T15:28:12.013Z"},{"ResponsibleFullName":"Nicholas Marshall","CreatedDate":"2023-02-06T15:44:49.183Z","ClosedDate":"2023-02-06T15:49:38.633Z"},{"ResponsibleFullName":"Pedro Ventura","CreatedDate":"2023-02-06T15:54:13.697Z","ClosedDate":"2023-02-06T16:25:36.067Z"},{"ResponsibleFullName":"Nicholas Marshall","CreatedDate":"2023-02-06T16:21:07.51Z","ClosedDate":"2023-02-07T20:33:12.233Z"},{"ResponsibleFullName":"Pedro Ventura","CreatedDate":"2023-02-06T19:43:11.91Z","ClosedDate":"2023-02-14T22:09:10.843Z"},{"ResponsibleFullName":"Ronnie Walters","CreatedDate":"2023-02-06T20:43:15.737Z","ClosedDate":"2023-02-08T15:22:25.01Z"},{"ResponsibleFullName":"Unassigned","CreatedDate":"2023-02-06T22:29:12.12Z","ClosedDate":"2023-02-07T11:19:08.473Z"},{"ResponsibleFullName":"Ruth Santos","CreatedDate":"2023-02-07T12:22:50.62Z","ClosedDate":"2023-02-07T15:02:27.773Z"},{"ResponsibleFullName":"Nicholas Marshall","CreatedDate":"2023-02-07T12:27:17.553Z","ClosedDate":"2023-02-13T13:02:33.437Z"},{"ResponsibleFullName":"Nicholas Marshall","CreatedDate":"2023-02-07T12:29:18.93Z","ClosedDate":"2023-02-08T16:21:18.76Z"},{"ResponsibleFullName":"Ruth Santos","CreatedDate":"2023-02-07T13:32:46.907Z","ClosedDate":"2023-02-08T17:15:17.187Z"},{"ResponsibleFullName":"Ronnie Walters","CreatedDate":"2023-02-07T13:49:10.837Z","ClosedDate":"2023-02-07T14:11:24.323Z"},{"ResponsibleFullName":"Ruth Santos","CreatedDate":"2023-02-07T13:56:33.453Z","ClosedDate":"2023-02-07T14:07:23.637Z"},{"ResponsibleFullName":"Ronnie Walters","CreatedDate":"2023-02-07T14:17:53.31Z","ClosedDate":"2023-02-07T16:00:14.94Z"},{"ResponsibleFullName":"Pedro Ventura","CreatedDate":"2023-02-07T14:18:29.36Z","ClosedDate":"2023-02-14T22:08:10.527Z"},{"ResponsibleFullName":"Pedro Ventura","CreatedDate":"2023-02-07T15:49:17.847Z","ClosedDate":"2023-02-09T13:02:36.547Z"},{"ResponsibleFullName":"Pedro Ventura","CreatedDate":"2023-02-07T15:55:06.64Z","ClosedDate":"2023-02-07T17:45:31.61Z"},{"ResponsibleFullName":"Ronnie Walters","CreatedDate":"2023-02-07T16:27:01.773Z","ClosedDate":"2023-02-15T18:03:28.083Z"},{"ResponsibleFullName":"Ronnie Walters","CreatedDate":"2023-02-07T16:28:50.517Z","ClosedDate":"2023-02-10T15:40:35.913Z"},{"ResponsibleFullName":"Ronnie Walters","CreatedDate":"2023-02-07T16:46:46.35Z","ClosedDate":"2023-02-09T20:07:08.323Z"},{"ResponsibleFullName":"Nicholas Marshall","CreatedDate":"2023-02-07T16:52:20.57Z","ClosedDate":"2023-02-07T20:09:09.793Z"},{"ResponsibleFullName":"Pedro Ventura","CreatedDate":"2023-02-07T17:28:01.62Z","ClosedDate":"2023-02-09T18:34:25.86Z"},{"ResponsibleFullName":"Nicholas Marshall","CreatedDate":"2023-02-07T17:40:19.66Z","ClosedDate":"2023-02-10T17:44:23.7Z"},{"ResponsibleFullName":"Ronnie Walters","CreatedDate":"2023-02-07T18:56:11.34Z","ClosedDate":"2023-02-07T20:42:03.533Z"},{"ResponsibleFullName":"Pedro Ventura","CreatedDate":"2023-02-07T19:12:29.753Z","ClosedDate":"2023-02-17T23:40:47.033Z"},{"ResponsibleFullName":"Unassigned","CreatedDate":"2023-02-07T20:30:48.667Z","ClosedDate":"2023-02-07T20:36:37.773Z"},{"ResponsibleFullName":"Unassigned","CreatedDate":"2023-02-07T20:30:50.103Z","ClosedDate":"2023-02-07T20:36:23.067Z"},{"ResponsibleFullName":"Ruth Santos","CreatedDate":"2023-02-07T20:59:05.443Z","ClosedDate":"2023-02-08T18:22:36.007Z"},{"ResponsibleFullName":"Ruth Santos","CreatedDate":"2023-02-07T21:03:59.75Z","ClosedDate":"2023-02-08T16:17:36.777Z"},{"ResponsibleFullName":"Nicholas Marshall","CreatedDate":"2023-02-08T02:18:02.383Z","ClosedDate":"2023-02-13T13:30:52.063Z"},{"ResponsibleFullName":"Nicholas Marshall","CreatedDate":"2023-02-08T13:03:32.733Z","ClosedDate":"2023-02-08T13:35:22.8Z"},{"ResponsibleFullName":"Nicholas Marshall","CreatedDate":"2023-02-08T13:05:19.587Z","ClosedDate":"2023-02-08T13:48:22.18Z"},{"ResponsibleFullName":"Nicholas Marshall","CreatedDate":"2023-02-08T13:05:24.89Z","ClosedDate":"2023-02-08T13:43:39.123Z"},{"ResponsibleFullName":"Nicholas Marshall","CreatedDate":"2023-02-08T14:02:18.263Z","ClosedDate":"2023-02-14T16:01:26.877Z"},{"ResponsibleFullName":"Pedro Ventura","CreatedDate":"2023-02-08T14:19:11.277Z","ClosedDate":"2023-02-08T17:35:32.407Z"},{"ResponsibleFullName":"Ronnie Walters","CreatedDate":"2023-02-08T14:19:26.047Z","ClosedDate":"2023-02-15T17:06:07.85Z"},{"ResponsibleFullName":"Nicholas Marshall","CreatedDate":"2023-02-08T14:19:50.593Z","ClosedDate":"2023-02-08T14:22:20.203Z"},{"ResponsibleFullName":"Ronnie Walters","CreatedDate":"2023-02-08T15:23:54.35Z","ClosedDate":"2023-02-09T14:53:10.517Z"},{"ResponsibleFullName":"Nicholas Marshall","CreatedDate":"2023-02-08T15:59:28.03Z","ClosedDate":"2023-02-09T17:28:06.747Z"},{"ResponsibleFullName":"Eno Ajueyitsi","CreatedDate":"2023-02-08T17:35:24.58Z","ClosedDate":"2023-02-13T17:10:10.243Z"},{"ResponsibleFullName":"Nicholas Marshall","CreatedDate":"2023-02-08T18:08:07.753Z","ClosedDate":"2023-02-22T12:50:32.08Z"},{"ResponsibleFullName":"Nicholas Marshall","CreatedDate":"2023-02-08T18:53:15.817Z","ClosedDate":"2023-02-09T13:42:24.37Z"},{"ResponsibleFullName":"Pedro Ventura","CreatedDate":"2023-02-08T19:18:17.667Z","ClosedDate":"2023-02-09T13:11:23.823Z"},{"ResponsibleFullName":"Nicholas Marshall","CreatedDate":"2023-02-08T19:56:20.247Z","ClosedDate":"2023-02-10T19:32:11.633Z"},{"ResponsibleFullName":"Ruth Santos","CreatedDate":"2023-02-08T21:41:22.833Z","ClosedDate":"2023-02-09T13:44:36.667Z"},{"ResponsibleFullName":"Pedro Ventura","CreatedDate":"2023-02-08T22:44:21.253Z","ClosedDate":"2023-02-13T16:41:52.743Z"},{"ResponsibleFullName":"Ruth Santos","CreatedDate":"2023-02-09T13:15:47.123Z","ClosedDate":"2023-02-15T13:56:25.96Z"},{"ResponsibleFullName":"Pedro Ventura","CreatedDate":"2023-02-09T13:17:30.423Z","ClosedDate":"2023-02-15T15:44:43.407Z"},{"ResponsibleFullName":"Ruth Santos","CreatedDate":"2023-02-09T13:59:04.847Z","ClosedDate":"2023-02-09T16:51:05.387Z"},{"ResponsibleFullName":"Pedro Ventura","CreatedDate":"2023-02-09T14:02:03.543Z","ClosedDate":"2023-02-09T19:47:01.48Z"},{"ResponsibleFullName":"Pedro Ventura","CreatedDate":"2023-02-09T14:09:11.07Z","ClosedDate":"2023-02-14T22:09:32.797Z"},{"ResponsibleFullName":"Ronnie Walters","CreatedDate":"2023-02-09T14:23:20.057Z","ClosedDate":"2023-02-15T16:16:37.43Z"},{"ResponsibleFullName":"Ruth Santos","CreatedDate":"2023-02-09T14:25:52.123Z","ClosedDate":"2023-02-13T15:39:39.55Z"},{"ResponsibleFullName":"Ronnie Walters","CreatedDate":"2023-02-09T14:48:25.46Z","ClosedDate":"2023-02-15T16:13:40.67Z"},{"ResponsibleFullName":"Ruth Santos","CreatedDate":"2023-02-09T14:59:54.227Z","ClosedDate":"2023-02-13T22:08:17.947Z"},{"ResponsibleFullName":"Ruth Santos","CreatedDate":"2023-02-09T15:26:07.233Z","ClosedDate":"2023-02-09T16:50:38.99Z"},{"ResponsibleFullName":"Ronnie Walters","CreatedDate":"2023-02-09T17:28:05.467Z","ClosedDate":"2023-02-13T18:32:20.907Z"},{"ResponsibleFullName":"Nicholas Marshall","CreatedDate":"2023-02-09T18:45:28.503Z","ClosedDate":"2023-02-14T19:47:02.08Z"},{"ResponsibleFullName":"Ruth Santos","CreatedDate":"2023-02-09T19:56:54.83Z","ClosedDate":"2023-02-14T13:53:28.18Z"},{"ResponsibleFullName":"Nicholas Marshall","CreatedDate":"2023-02-10T12:43:30.99Z","ClosedDate":"2023-02-10T14:36:25.1Z"},{"ResponsibleFullName":"Ruth Santos","CreatedDate":"2023-02-10T13:52:18.937Z","ClosedDate":"2023-02-10T20:24:05.053Z"},{"ResponsibleFullName":"Pedro Ventura","CreatedDate":"2023-02-10T14:03:21.413Z","ClosedDate":"2023-02-10T14:48:52.8Z"},{"ResponsibleFullName":"Nicholas Marshall","CreatedDate":"2023-02-10T14:10:29.247Z","ClosedDate":"2023-02-10T15:20:33.127Z"},{"ResponsibleFullName":"Pedro Ventura","CreatedDate":"2023-02-10T16:59:21.343Z","ClosedDate":"2023-02-10T21:44:14.787Z"},{"ResponsibleFullName":"Pedro Ventura","CreatedDate":"2023-02-10T16:59:45.147Z","ClosedDate":"2023-02-17T17:45:17.423Z"},{"ResponsibleFullName":"Nicholas Marshall","CreatedDate":"2023-02-10T17:17:07.98Z","ClosedDate":"2023-02-15T17:31:43.527Z"},{"ResponsibleFullName":"Ruth Santos","CreatedDate":"2023-02-10T19:19:10.46Z","ClosedDate":"2023-02-13T15:41:31.417Z"},{"ResponsibleFullName":"Pedro Ventura","CreatedDate":"2023-02-10T19:43:08.573Z","ClosedDate":"2023-02-13T15:05:46.473Z"},{"ResponsibleFullName":"Ruth Santos","CreatedDate":"2023-02-10T19:46:34.177Z","ClosedDate":"2023-02-15T16:03:48.04Z"},{"ResponsibleFullName":"Nicholas Marshall","CreatedDate":"2023-02-10T20:13:07.67Z","ClosedDate":"2023-02-10T21:00:38.133Z"},{"ResponsibleFullName":"Ronnie Walters","CreatedDate":"2023-02-10T21:09:38.413Z","ClosedDate":"2023-02-22T18:05:38.98Z"},{"ResponsibleFullName":"Nicholas Marshall","CreatedDate":"2023-02-10T21:27:55.733Z","ClosedDate":"2023-02-16T12:51:38.113Z"},{"ResponsibleFullName":"Nicholas Marshall","CreatedDate":"2023-02-10T23:00:24.487Z","ClosedDate":"2023-02-13T14:59:02.753Z"},{"ResponsibleFullName":"Nicholas Marshall","CreatedDate":"2023-02-10T23:02:19.197Z","ClosedDate":"2023-02-13T14:59:14.99Z"},{"ResponsibleFullName":"Nicholas Marshall","CreatedDate":"2023-02-10T23:09:04.37Z","ClosedDate":"2023-02-15T20:47:54.54Z"},{"ResponsibleFullName":"Nicholas Marshall","CreatedDate":"2023-02-12T14:36:09.257Z","ClosedDate":"2023-02-13T13:57:58.053Z"},{"ResponsibleFullName":"Ruth Santos","CreatedDate":"2023-02-12T23:00:51.187Z","ClosedDate":"2023-02-14T17:40:40.72Z"},{"ResponsibleFullName":"Pedro Ventura","CreatedDate":"2023-02-13T12:29:34.737Z","ClosedDate":"2023-02-15T21:26:29.46Z"},{"ResponsibleFullName":"Nicholas Marshall","CreatedDate":"2023-02-13T12:43:59.837Z","ClosedDate":"2023-02-16T13:25:55.677Z"},{"ResponsibleFullName":"Pedro Ventura","CreatedDate":"2023-02-13T13:18:53.887Z","ClosedDate":"2023-02-16T13:02:54.65Z"},{"ResponsibleFullName":"Ronnie Walters","CreatedDate":"2023-02-13T14:53:48.117Z","ClosedDate":"2023-02-24T20:26:28.287Z"},{"ResponsibleFullName":"Ronnie Walters","CreatedDate":"2023-02-13T15:20:51.61Z","ClosedDate":"2023-02-13T16:21:38.583Z"},{"ResponsibleFullName":"Nicholas Marshall","CreatedDate":"2023-02-13T15:28:06.843Z","ClosedDate":"2023-02-13T17:02:07.973Z"},{"ResponsibleFullName":"Nicholas Marshall","CreatedDate":"2023-02-13T16:32:49.357Z","ClosedDate":"2023-02-13T19:28:20.52Z"},{"ResponsibleFullName":"Pedro Ventura","CreatedDate":"2023-02-13T16:50:19.26Z","ClosedDate":"2023-02-17T20:41:36.31Z"},{"ResponsibleFullName":"Nicholas Marshall","CreatedDate":"2023-02-13T17:10:59.07Z","ClosedDate":"2023-02-14T15:46:02.89Z"},{"ResponsibleFullName":"Ronnie Walters","CreatedDate":"2023-02-13T17:36:20.037Z","ClosedDate":"2023-02-28T20:24:38.98Z"},{"ResponsibleFullName":"Ruth Santos","CreatedDate":"2023-02-13T17:52:49.17Z","ClosedDate":"2023-02-16T20:01:07.21Z"},{"ResponsibleFullName":"Nicholas Marshall","CreatedDate":"2023-02-13T20:03:48.957Z","ClosedDate":"2023-02-14T12:29:19.773Z"},{"ResponsibleFullName":"Pedro Ventura","CreatedDate":"2023-02-13T20:17:07.117Z","ClosedDate":"2023-02-15T21:25:08.113Z"},{"ResponsibleFullName":"Nicholas Marshall","CreatedDate":"2023-02-13T21:34:47.873Z","ClosedDate":"2023-02-14T12:29:05.703Z"},{"ResponsibleFullName":"Ruth Santos","CreatedDate":"2023-02-14T13:19:53.55Z","ClosedDate":"2023-02-15T14:29:07.107Z"},{"ResponsibleFullName":"Ronnie Walters","CreatedDate":"2023-02-14T13:43:01.46Z","ClosedDate":"2023-02-14T14:34:54.327Z"},{"ResponsibleFullName":"Ruth Santos","CreatedDate":"2023-02-14T13:48:40.463Z","ClosedDate":"2023-02-21T16:02:27.703Z"},{"ResponsibleFullName":"Nicholas Marshall","CreatedDate":"2023-02-14T13:50:34.567Z","ClosedDate":"2023-02-14T14:52:35.79Z"},{"ResponsibleFullName":"Pedro Ventura","CreatedDate":"2023-02-14T14:10:54.207Z","ClosedDate":"2023-02-14T15:35:14.13Z"},{"ResponsibleFullName":"Nicholas Marshall","CreatedDate":"2023-02-14T15:32:12.283Z","ClosedDate":"2023-02-15T18:14:25.013Z"},{"ResponsibleFullName":"Ruth Santos","CreatedDate":"2023-02-14T15:35:21.443Z","ClosedDate":"2023-02-15T20:10:19.16Z"},{"ResponsibleFullName":"Pedro Ventura","CreatedDate":"2023-02-14T15:44:10.107Z","ClosedDate":"2023-02-16T19:11:06.59Z"},{"ResponsibleFullName":"Unassigned","CreatedDate":"2023-02-14T16:24:03.377Z","ClosedDate":"2023-02-14T17:13:35.68Z"},{"ResponsibleFullName":"Pedro Ventura","CreatedDate":"2023-02-14T16:24:36.567Z","ClosedDate":"2023-02-16T19:09:00.287Z"},{"ResponsibleFullName":"Pedro Ventura","CreatedDate":"2023-02-14T16:46:04.123Z","ClosedDate":"2023-02-21T14:45:42.483Z"},{"ResponsibleFullName":"Ronnie Walters","CreatedDate":"2023-02-14T16:54:02.25Z","ClosedDate":"2023-02-17T20:39:33.73Z"},{"ResponsibleFullName":"Nicholas Marshall","CreatedDate":"2023-02-14T17:30:21.45Z","ClosedDate":"2023-02-14T17:31:38.303Z"},{"ResponsibleFullName":"Pedro Ventura","CreatedDate":"2023-02-14T17:46:13.863Z","ClosedDate":"2023-02-14T18:38:23.88Z"},{"ResponsibleFullName":"Nicholas Marshall","CreatedDate":"2023-02-14T18:30:42.437Z","ClosedDate":"2023-02-22T12:53:00.553Z"},{"ResponsibleFullName":"Pedro Ventura","CreatedDate":"2023-02-14T19:16:07.477Z","ClosedDate":"2023-02-16T19:09:15.723Z"},{"ResponsibleFullName":"Pedro Ventura","CreatedDate":"2023-02-14T19:18:49.437Z","ClosedDate":"2023-02-16T19:09:33.467Z"},{"ResponsibleFullName":"Ronnie Walters","CreatedDate":"2023-02-14T19:31:15.287Z","ClosedDate":"2023-02-15T19:26:32.88Z"},{"ResponsibleFullName":"Nicholas Marshall","CreatedDate":"2023-02-14T20:08:20.933Z","ClosedDate":"2023-02-22T12:45:05.01Z"},{"ResponsibleFullName":"Ronnie Walters","CreatedDate":"2023-02-14T21:44:39.977Z","ClosedDate":"2023-02-15T19:47:43.03Z"},{"ResponsibleFullName":"Nicholas Marshall","CreatedDate":"2023-02-15T12:57:12.73Z","ClosedDate":"2023-02-21T12:32:07.38Z"},{"ResponsibleFullName":"Nicholas Marshall","CreatedDate":"2023-02-15T13:34:08.2Z","ClosedDate":"2023-02-15T15:20:38.273Z"},{"ResponsibleFullName":"Pedro Ventura","CreatedDate":"2023-02-15T14:47:28.653Z","ClosedDate":"2023-02-15T15:42:41.547Z"},{"ResponsibleFullName":"Ruth Santos","CreatedDate":"2023-02-15T14:52:27.717Z","ClosedDate":"2023-02-15T16:17:27.473Z"},{"ResponsibleFullName":"Pedro Ventura","CreatedDate":"2023-02-15T16:26:59.787Z","ClosedDate":"2023-02-21T21:11:03.71Z"},{"ResponsibleFullName":"Ronnie Walters","CreatedDate":"2023-02-15T17:30:14.6Z","ClosedDate":"2023-02-17T20:33:12.373Z"},{"ResponsibleFullName":"Nicholas Marshall","CreatedDate":"2023-02-15T17:36:06.77Z","ClosedDate":"2023-02-16T20:56:07.747Z"},{"ResponsibleFullName":"Ruth Santos","CreatedDate":"2023-02-15T18:47:25.757Z","ClosedDate":"2023-02-21T20:33:37.577Z"},{"ResponsibleFullName":"Ruth Santos","CreatedDate":"2023-02-15T19:45:46.97Z","ClosedDate":"2023-02-15T20:03:09.69Z"},{"ResponsibleFullName":"Pedro Ventura","CreatedDate":"2023-02-15T20:11:19.25Z","ClosedDate":"2023-02-15T21:16:03.517Z"},{"ResponsibleFullName":"Pedro Ventura","CreatedDate":"2023-02-15T20:19:42.957Z","ClosedDate":"2023-02-15T21:16:03.517Z"},{"ResponsibleFullName":"Pedro Ventura","CreatedDate":"2023-02-15T20:19:44.95Z","ClosedDate":"2023-02-15T21:16:03.517Z"},{"ResponsibleFullName":"Pedro Ventura","CreatedDate":"2023-02-15T20:32:49.27Z","ClosedDate":"2023-02-15T21:16:03.517Z"},{"ResponsibleFullName":"Ruth Santos","CreatedDate":"2023-02-15T20:35:26.033Z","ClosedDate":"2023-02-22T17:36:32.307Z"},{"ResponsibleFullName":"Pedro Ventura","CreatedDate":"2023-02-15T20:38:46.24Z","ClosedDate":"2023-02-15T21:16:03.517Z"},{"ResponsibleFullName":"Pedro Ventura","CreatedDate":"2023-02-15T20:44:37.01Z","ClosedDate":"2023-02-15T21:16:03.517Z"},{"ResponsibleFullName":"Pedro Ventura","CreatedDate":"2023-02-15T20:51:16.373Z","ClosedDate":"2023-02-15T21:16:03.517Z"},{"ResponsibleFullName":"Unassigned","CreatedDate":"2023-02-15T21:16:39.013Z","ClosedDate":"2023-02-15T21:24:30.993Z"},{"ResponsibleFullName":"Ruth Santos","CreatedDate":"2023-02-16T12:31:56.6Z","ClosedDate":"2023-02-21T14:08:43.593Z"},{"ResponsibleFullName":"Nicholas Marshall","CreatedDate":"2023-02-16T12:53:53.177Z","ClosedDate":"2023-02-17T14:55:18.107Z"},{"ResponsibleFullName":"Ronnie Walters","CreatedDate":"2023-02-16T13:31:57.027Z","ClosedDate":"2023-02-16T15:16:33.143Z"},{"ResponsibleFullName":"Pedro Ventura","CreatedDate":"2023-02-16T13:45:29.97Z","ClosedDate":"2023-02-21T14:25:04.473Z"},{"ResponsibleFullName":"Ronnie Walters","CreatedDate":"2023-02-16T14:16:27.733Z","ClosedDate":"2023-02-17T16:58:10.513Z"},{"ResponsibleFullName":"Ruth Santos","CreatedDate":"2023-02-16T14:33:54.107Z","ClosedDate":"2023-02-21T15:17:33.293Z"},{"ResponsibleFullName":"Ruth Santos","CreatedDate":"2023-02-16T15:18:33.933Z","ClosedDate":"2023-02-21T19:43:46.993Z"},{"ResponsibleFullName":"Nicholas Marshall","CreatedDate":"2023-02-16T15:19:12.367Z","ClosedDate":"2023-02-17T18:09:22.97Z"},{"ResponsibleFullName":"Ruth Santos","CreatedDate":"2023-02-16T15:50:32.627Z","ClosedDate":"2023-02-22T19:08:32.64Z"},{"ResponsibleFullName":"Nicholas Marshall","CreatedDate":"2023-02-16T15:51:44.6Z","ClosedDate":"2023-02-16T15:57:07.26Z"},{"ResponsibleFullName":"Unassigned","CreatedDate":"2023-02-16T16:05:17.117Z","ClosedDate":"2023-02-16T16:11:19.837Z"},{"ResponsibleFullName":"Nicholas Marshall","CreatedDate":"2023-02-16T16:18:25.617Z","ClosedDate":"2023-02-16T20:53:46.443Z"},{"ResponsibleFullName":"Pedro Ventura","CreatedDate":"2023-02-16T17:45:19.76Z","ClosedDate":"2023-02-16T19:30:24.337Z"},{"ResponsibleFullName":"Ruth Santos","CreatedDate":"2023-02-16T17:58:52.27Z","ClosedDate":"2023-02-17T16:58:09.287Z"},{"ResponsibleFullName":"Pedro Ventura","CreatedDate":"2023-02-16T19:45:01.847Z","ClosedDate":"2023-02-16T21:13:38.133Z"},{"ResponsibleFullName":"Ronnie Walters","CreatedDate":"2023-02-16T19:54:08.563Z","ClosedDate":"2023-02-23T19:29:24.09Z"},{"ResponsibleFullName":"Ruth Santos","CreatedDate":"2023-02-16T20:12:34.09Z","ClosedDate":"2023-02-17T17:01:13.557Z"},{"ResponsibleFullName":"Pedro Ventura","CreatedDate":"2023-02-16T20:24:26.7Z","ClosedDate":"2023-02-17T14:34:07.737Z"},{"ResponsibleFullName":"Ruth Santos","CreatedDate":"2023-02-16T20:27:44.537Z","ClosedDate":"2023-02-17T17:13:48.05Z"},{"ResponsibleFullName":"Nicholas Marshall","CreatedDate":"2023-02-17T00:26:57.037Z","ClosedDate":"2023-02-23T14:39:29.163Z"},{"ResponsibleFullName":"Nicholas Marshall","CreatedDate":"2023-02-17T13:13:45.147Z","ClosedDate":"2023-02-22T14:32:21.573Z"},{"ResponsibleFullName":"Pedro Ventura","CreatedDate":"2023-02-17T13:41:32.53Z","ClosedDate":"2023-02-17T20:07:19.427Z"},{"ResponsibleFullName":"Ruth Santos","CreatedDate":"2023-02-17T15:07:37.18Z","ClosedDate":"2023-02-22T14:11:31.777Z"},{"ResponsibleFullName":"Pedro Ventura","CreatedDate":"2023-02-17T15:23:18.987Z","ClosedDate":"2023-02-17T16:20:24.707Z"},{"ResponsibleFullName":"Pedro Ventura","CreatedDate":"2023-02-17T16:39:21.003Z","ClosedDate":"2023-02-23T14:17:02.653Z"},{"ResponsibleFullName":"Ronnie Walters","CreatedDate":"2023-02-17T19:17:23.48Z","ClosedDate":"2023-02-23T15:29:08.33Z"},{"ResponsibleFullName":"Ruth Santos","CreatedDate":"2023-02-17T19:46:39.563Z","ClosedDate":"2023-02-22T16:47:47.987Z"},{"ResponsibleFullName":"Nicholas Marshall","CreatedDate":"2023-02-20T15:36:26.807Z","ClosedDate":"2023-02-22T12:46:47.13Z"},{"ResponsibleFullName":"Ruth Santos","CreatedDate":"2023-02-21T14:04:29.743Z","ClosedDate":"2023-02-22T13:34:09.27Z"},{"ResponsibleFullName":"Ruth Santos","CreatedDate":"2023-02-21T15:24:18.407Z","ClosedDate":"2023-02-24T15:05:24.853Z"},{"ResponsibleFullName":"Ruth Santos","CreatedDate":"2023-02-21T15:51:31.977Z","ClosedDate":"2023-02-22T17:35:26.033Z"},{"ResponsibleFullName":"Pedro Ventura","CreatedDate":"2023-02-21T17:12:40.537Z","ClosedDate":"2023-02-23T20:08:12.063Z"},{"ResponsibleFullName":"Ruth Santos","CreatedDate":"2023-02-21T18:11:05.403Z","ClosedDate":"2023-02-21T19:42:42.427Z"},{"ResponsibleFullName":"Pedro Ventura","CreatedDate":"2023-02-21T18:45:18.307Z","ClosedDate":"2023-02-21T18:58:03.39Z"},{"ResponsibleFullName":"Nicholas Marshall","CreatedDate":"2023-02-22T13:14:35.32Z","ClosedDate":"2023-02-22T14:42:04.217Z"},{"ResponsibleFullName":"Nicholas Marshall","CreatedDate":"2023-02-22T13:58:04.147Z","ClosedDate":"2023-02-23T15:40:47.927Z"},{"ResponsibleFullName":"Pedro Ventura","CreatedDate":"2023-02-22T14:49:52.013Z","ClosedDate":"2023-02-22T15:38:58.703Z"},{"ResponsibleFullName":"Ruth Santos","CreatedDate":"2023-02-22T14:53:20.477Z","ClosedDate":"2023-02-23T19:39:20.707Z"},{"ResponsibleFullName":"Ruth Santos","CreatedDate":"2023-02-22T15:02:51.657Z","ClosedDate":"2023-02-22T15:10:03.463Z"},{"ResponsibleFullName":"Nicholas Marshall","CreatedDate":"2023-02-22T15:27:14.963Z","ClosedDate":"2023-02-22T20:40:55Z"},{"ResponsibleFullName":"Nicholas Marshall","CreatedDate":"2023-02-22T16:09:34.887Z","ClosedDate":"2023-02-24T16:07:51.81Z"},{"ResponsibleFullName":"Nicholas Marshall","CreatedDate":"2023-02-22T16:42:32.733Z","ClosedDate":"2023-02-23T16:47:36.397Z"},{"ResponsibleFullName":"Pedro Ventura","CreatedDate":"2023-02-22T17:15:22.35Z","ClosedDate":"2023-02-23T15:26:38.377Z"},{"ResponsibleFullName":"Unassigned","CreatedDate":"2023-02-22T18:35:58.943Z","ClosedDate":"2023-02-22T21:22:17.34Z"},{"ResponsibleFullName":"Pedro Ventura","CreatedDate":"2023-02-22T19:47:22.277Z","ClosedDate":"2023-02-23T15:17:39.44Z"},{"ResponsibleFullName":"Unassigned","CreatedDate":"2023-02-22T20:35:35.69Z","ClosedDate":"2023-02-22T21:21:40.427Z"},{"ResponsibleFullName":"Pedro Ventura","CreatedDate":"2023-02-22T20:48:53.39Z","ClosedDate":"2023-02-23T15:27:57.473Z"},{"ResponsibleFullName":"Ruth Santos","CreatedDate":"2023-02-22T21:12:26.33Z","ClosedDate":"2023-02-23T19:38:16.35Z"},{"ResponsibleFullName":"Unassigned","CreatedDate":"2023-02-22T21:12:38.493Z","ClosedDate":"2023-02-22T21:20:12.957Z"},{"ResponsibleFullName":"Ruth Santos","CreatedDate":"2023-02-23T12:36:44.86Z","ClosedDate":"2023-02-27T15:04:01.847Z"},{"ResponsibleFullName":"Nicholas Marshall","CreatedDate":"2023-02-23T14:23:41.99Z","ClosedDate":"2023-02-23T15:04:27.623Z"},{"ResponsibleFullName":"Nicholas Marshall","CreatedDate":"2023-02-23T14:59:28.33Z","ClosedDate":"2023-02-23T17:14:05.473Z"},{"ResponsibleFullName":"Ronnie Walters","CreatedDate":"2023-02-23T15:58:03.687Z","ClosedDate":"2023-02-27T21:34:51.84Z"},{"ResponsibleFullName":"Pedro Ventura","CreatedDate":"2023-02-23T16:06:26.183Z","ClosedDate":"2023-02-23T16:38:14.603Z"},{"ResponsibleFullName":"Nicholas Marshall","CreatedDate":"2023-02-23T16:50:09.603Z","ClosedDate":"2023-02-23T17:27:10.18Z"},{"ResponsibleFullName":"Nicholas Marshall","CreatedDate":"2023-02-23T16:51:52.737Z","ClosedDate":"2023-02-23T20:06:12.137Z"},{"ResponsibleFullName":"Nicholas Marshall","CreatedDate":"2023-02-23T16:55:34.98Z","ClosedDate":"2023-02-27T13:03:00.76Z"},{"ResponsibleFullName":"Ronnie Walters","CreatedDate":"2023-02-23T18:07:54.64Z","ClosedDate":"2023-02-23T19:49:28.993Z"},{"ResponsibleFullName":"Nicholas Marshall","CreatedDate":"2023-02-23T20:05:30.683Z","ClosedDate":"2023-02-28T19:33:00.66Z"},{"ResponsibleFullName":"Ruth Santos","CreatedDate":"2023-02-23T21:26:17.55Z","ClosedDate":"2023-02-24T13:34:09.72Z"},{"ResponsibleFullName":"Nicholas Marshall","CreatedDate":"2023-02-24T13:02:25.437Z","ClosedDate":"2023-02-27T18:40:14.623Z"},{"ResponsibleFullName":"Ruth Santos","CreatedDate":"2023-02-24T13:40:54.21Z","ClosedDate":"2023-02-28T15:02:25.567Z"},{"ResponsibleFullName":"Nicholas Marshall","CreatedDate":"2023-02-24T13:54:51.137Z","ClosedDate":"2023-02-24T18:54:15.927Z"},{"ResponsibleFullName":"Nicholas Marshall","CreatedDate":"2023-02-24T14:16:33.157Z","ClosedDate":"2023-02-27T17:58:33.557Z"},{"ResponsibleFullName":"Nicholas Marshall","CreatedDate":"2023-02-24T15:39:36.88Z","ClosedDate":"2023-02-27T15:53:14.723Z"},{"ResponsibleFullName":"Ruth Santos","CreatedDate":"2023-02-24T16:36:44.013Z","ClosedDate":"2023-02-24T18:02:11.11Z"},{"ResponsibleFullName":"Ronnie Walters","CreatedDate":"2023-02-24T16:50:37.48Z","ClosedDate":"2023-02-28T19:25:12.017Z"},{"ResponsibleFullName":"Pedro Ventura","CreatedDate":"2023-02-24T17:02:14.41Z","ClosedDate":"2023-02-24T19:24:33.92Z"},{"ResponsibleFullName":"Unassigned","CreatedDate":"2023-02-27T14:29:53.207Z","ClosedDate":"2023-02-27T15:41:44.533Z"},{"ResponsibleFullName":"Nicholas Marshall","CreatedDate":"2023-02-27T15:55:27.62Z","ClosedDate":"2023-02-27T16:53:55.52Z"},{"ResponsibleFullName":"Pedro Ventura","CreatedDate":"2023-02-27T17:22:51.96Z","ClosedDate":"2023-02-27T21:31:59.623Z"},{"ResponsibleFullName":"Nicholas Marshall","CreatedDate":"2023-02-27T18:00:30.723Z","ClosedDate":"2023-02-27T20:28:09.7Z"},{"ResponsibleFullName":"Ruth Santos","CreatedDate":"2023-02-27T18:13:37.053Z","ClosedDate":"2023-02-28T13:50:36.997Z"},{"ResponsibleFullName":"Pedro Ventura","CreatedDate":"2023-02-27T19:17:11.013Z","ClosedDate":"2023-02-27T20:47:21.153Z"},{"ResponsibleFullName":"Nicholas Marshall","CreatedDate":"2023-02-27T19:24:29.873Z","ClosedDate":"2023-02-28T12:39:59.19Z"},{"ResponsibleFullName":"Ruth Santos","CreatedDate":"2023-02-27T20:15:11.107Z","ClosedDate":"2023-02-28T15:00:35.41Z"},{"ResponsibleFullName":"Ruth Santos","CreatedDate":"2023-02-28T00:10:46.143Z","ClosedDate":"2023-02-28T14:09:11.693Z"},{"ResponsibleFullName":"Ruth Santos","CreatedDate":"2023-02-28T13:19:30.38Z","ClosedDate":"2023-02-28T14:35:06.693Z"},{"ResponsibleFullName":"Pedro Ventura","CreatedDate":"2023-02-28T13:27:09.78Z","ClosedDate":"2023-02-28T14:24:52.843Z"},{"ResponsibleFullName":"Ruth Santos","CreatedDate":"2023-02-28T14:28:56.537Z","ClosedDate":"2023-02-28T15:51:38.887Z"},{"ResponsibleFullName":"Ronnie Walters","CreatedDate":"2023-02-28T17:18:16.657Z","ClosedDate":"2023-02-28T19:23:48.613Z"},{"ResponsibleFullName":"Ronnie Walters","CreatedDate":"2023-02-28T21:26:10.48Z","ClosedDate":"2023-02-28T21:41:05.397Z"},{"ResponsibleFullName":"Natasha Reynoso","CreatedDate":"2023-01-31T19:21:00.117Z","ClosedDate":"2023-02-02T15:33:10.333Z"},{"ResponsibleFullName":"Natasha Reynoso","CreatedDate":"2023-02-02T20:25:40.48Z","ClosedDate":"2023-02-06T19:22:58.733Z"},{"ResponsibleFullName":"Roberto Stewart","CreatedDate":"2023-02-22T14:49:22.99Z","ClosedDate":"2023-02-23T16:04:33.217Z"},{"ResponsibleFullName":"Natasha Reynoso","CreatedDate":"2023-02-27T17:50:19.623Z","ClosedDate":"2023-02-28T11:38:22.193Z"},{"ResponsibleFullName":"Natasha Reynoso","CreatedDate":"2023-02-03T19:09:53.343Z","ClosedDate":"2023-02-06T11:36:50.273Z"},{"ResponsibleFullName":"Natasha Reynoso","CreatedDate":"2023-02-09T16:09:38.57Z","ClosedDate":"2023-02-10T15:25:41.07Z"},{"ResponsibleFullName":"Natasha Reynoso","CreatedDate":"2023-02-15T17:25:35.11Z","ClosedDate":"2023-02-21T14:20:27.73Z"},{"ResponsibleFullName":"Natasha Reynoso","CreatedDate":"2023-02-16T14:55:27.58Z","ClosedDate":"2023-02-16T17:56:27.17Z"},{"ResponsibleFullName":"Richard Dominguez","CreatedDate":"2023-02-16T15:24:37.307Z","ClosedDate":"2023-02-17T14:14:42.74Z"},{"ResponsibleFullName":"Natasha Reynoso","CreatedDate":"2023-02-22T19:39:59.493Z","ClosedDate":"2023-02-22T20:08:08.883Z"},{"ResponsibleFullName":"Natasha Reynoso","CreatedDate":"2023-02-23T14:32:14.42Z","ClosedDate":"2023-02-23T19:38:54.763Z"}],"ID":1169,"Name":"Create to close ","CreatedUid":"2a4d048a-f6f9-ec11-b47a-c89665342702","CreatedFullName":"Mike Sidnam","CreatedDate":"2023-02-28T20:45:09.253Z","OwningGroupID":null,"OwningGroupName":null,"SystemAppName":"TDTickets","PlatformAppID":30,"PlatformAppName":"Technology Tickets","ReportSourceID":2,"ReportSourceName":"Ticket","Uri":"api/reports/1169"}