{"Description":"","MaxResults":500,"DisplayedColumns":[{"HeaderText":"Prim Resp","ColumnName":"ResponsibleFullName","DataType":1,"SortColumnExpression":"ResponsibleFullName","SortColumnName":"ResponsibleFullName","SortDataType":1,"Aggregate":0,"Component":0,"FooterExpression":null},{"HeaderText":"Ticket Count","ColumnName":"CountTicketID","DataType":2,"SortColumnExpression":"CountTicketID","SortColumnName":"CountTicketID","SortDataType":2,"Aggregate":0,"Component":0,"FooterExpression":"Sum(CountTicketID)"}],"SortOrder":[],"ChartType":"None","ChartSettings":[],"DataRows":[{"ResponsibleFullName":"Unassigned","CountTicketID":1},{"ResponsibleFullName":"Pedro Ventura","CountTicketID":11},{"ResponsibleFullName":"Ronnie Walters","CountTicketID":8},{"ResponsibleFullName":"Nicholas Marshall","CountTicketID":7},{"ResponsibleFullName":"Eno Ajueyitsi","CountTicketID":1},{"ResponsibleFullName":"Ruth Santos","CountTicketID":8}],"ID":1165,"Name":"Help Desk Open Tickets >7d","CreatedUid":"2a4d048a-f6f9-ec11-b47a-c89665342702","CreatedFullName":"Mike Sidnam","CreatedDate":"2023-02-28T14:30:20.567Z","OwningGroupID":null,"OwningGroupName":null,"SystemAppName":"TDTickets","PlatformAppID":30,"PlatformAppName":"Technology Tickets","ReportSourceID":2,"ReportSourceName":"Ticket","Uri":"api/reports/1165"}