{"Description":"","MaxResults":500,"DisplayedColumns":[{"HeaderText":"Responsibility","ColumnName":"Responsibility","DataType":1,"SortColumnExpression":"Responsibility","SortColumnName":"Responsibility","SortDataType":1,"Aggregate":0,"Component":0,"FooterExpression":null},{"HeaderText":"Ticket Count","ColumnName":"CountTicketID","DataType":2,"SortColumnExpression":"CountTicketID","SortColumnName":"CountTicketID","SortDataType":2,"Aggregate":0,"Component":0,"FooterExpression":"Sum(CountTicketID)"}],"SortOrder":[],"ChartType":"Pie","ChartSettings":[{"Axis":"Name","ColumnLabel":"Responsibility","ColumnName":"Responsibility"},{"Axis":"Value","ColumnLabel":"Ticket Count","ColumnName":"CountTicketID"}],"DataRows":[{"Responsibility":"Eno Ajueyitsi","CountTicketID":15},{"Responsibility":"Ruth Santos","CountTicketID":146},{"Responsibility":"Pedro Ventura","CountTicketID":162},{"Responsibility":"Roberto Stewart","CountTicketID":73},{"Responsibility":"Natasha Reynoso","CountTicketID":237},{"Responsibility":"Ronnie Walters","CountTicketID":129},{"Responsibility":"Nicholas Marshall","CountTicketID":216}],"ID":1138,"Name":"Help Desk Ticket Volume By Agent(2023)","CreatedUid":"2a4d048a-f6f9-ec11-b47a-c89665342702","CreatedFullName":"Mike Sidnam","CreatedDate":"2023-01-27T14:30:46.02Z","OwningGroupID":null,"OwningGroupName":null,"SystemAppName":"TDTickets","PlatformAppID":30,"PlatformAppName":"Technology Tickets","ReportSourceID":2,"ReportSourceName":"Ticket","Uri":"api/reports/1138"}