{"Description":"","MaxResults":500,"DisplayedColumns":[{"HeaderText":"Prim Resp","ColumnName":"ResponsibleFullName","DataType":1,"SortColumnExpression":"ResponsibleFullName","SortColumnName":"ResponsibleFullName","SortDataType":1,"Aggregate":0,"Component":0,"FooterExpression":null},{"HeaderText":"Ticket Count","ColumnName":"CountTicketID","DataType":2,"SortColumnExpression":"CountTicketID","SortColumnName":"CountTicketID","SortDataType":2,"Aggregate":0,"Component":0,"FooterExpression":"Sum(CountTicketID)"}],"SortOrder":[],"ChartType":"None","ChartSettings":[],"DataRows":[{"ResponsibleFullName":"Unassigned","CountTicketID":38},{"ResponsibleFullName":"Pedro Ventura","CountTicketID":129},{"ResponsibleFullName":"Natasha Reynoso","CountTicketID":76},{"ResponsibleFullName":"Roberto Stewart","CountTicketID":34},{"ResponsibleFullName":"Ronnie Walters","CountTicketID":110},{"ResponsibleFullName":"Nicholas Marshall","CountTicketID":204},{"ResponsibleFullName":"Eno Ajueyitsi","CountTicketID":10},{"ResponsibleFullName":"Ruth Santos","CountTicketID":131}],"ID":1162,"Name":"Tickets Resolved By Assignee","CreatedUid":"2a4d048a-f6f9-ec11-b47a-c89665342702","CreatedFullName":"Mike Sidnam","CreatedDate":"2023-02-24T17:51:58.973Z","OwningGroupID":null,"OwningGroupName":null,"SystemAppName":"TDTickets","PlatformAppID":30,"PlatformAppName":"Technology Tickets","ReportSourceID":2,"ReportSourceName":"Ticket","Uri":"api/reports/1162"}