{"Description":"","MaxResults":500,"DisplayedColumns":[{"HeaderText":"Responsibility","ColumnName":"Responsibility","DataType":1,"SortColumnExpression":"Responsibility","SortColumnName":"Responsibility","SortDataType":1,"Aggregate":0,"Component":0,"FooterExpression":null},{"HeaderText":"Ticket Count","ColumnName":"CountTicketID","DataType":2,"SortColumnExpression":"CountTicketID","SortColumnName":"CountTicketID","SortDataType":2,"Aggregate":0,"Component":0,"FooterExpression":"Sum(CountTicketID)"}],"SortOrder":[{"ColumnLabel":"Ticket Count","ColumnName":"CountTicketID","IsAscending":true}],"ChartType":"Pie","ChartSettings":[{"Axis":"Name","ColumnLabel":"Responsibility","ColumnName":"Responsibility"},{"Axis":"Value","ColumnLabel":"Ticket Count","ColumnName":"CountTicketID"}],"DataRows":[{"Responsibility":"Eno Ajueyitsi","CountTicketID":1},{"Responsibility":"Ruth Santos","CountTicketID":86},{"Responsibility":"Roberto Stewart","CountTicketID":956},{"Responsibility":"Pedro Ventura","CountTicketID":982},{"Responsibility":"Ronnie Walters","CountTicketID":1040},{"Responsibility":"Allan Weston","CountTicketID":1071},{"Responsibility":"Nicholas Marshall","CountTicketID":1164},{"Responsibility":"Natasha Reynoso","CountTicketID":1196}],"ID":1134,"Name":"Help Desk Ticket Volume By Agent (2022) ","CreatedUid":"29dfeb87-5606-ea11-a818-000d3a5668d8","CreatedFullName":"Jalil McCready","CreatedDate":"2023-01-26T18:40:32.16Z","OwningGroupID":null,"OwningGroupName":null,"SystemAppName":"TDTickets","PlatformAppID":30,"PlatformAppName":"Technology Tickets","ReportSourceID":2,"ReportSourceName":"Ticket","Uri":"api/reports/1134"}