{"Description":"","MaxResults":500,"DisplayedColumns":[{"HeaderText":"Prim Resp","ColumnName":"ResponsibleFullName","DataType":1,"SortColumnExpression":"ResponsibleFullName","SortColumnName":"ResponsibleFullName","SortDataType":1,"Aggregate":0,"Component":0,"FooterExpression":null},{"HeaderText":"Ticket Count","ColumnName":"CountTicketID","DataType":2,"SortColumnExpression":"CountTicketID","SortColumnName":"CountTicketID","SortDataType":2,"Aggregate":0,"Component":0,"FooterExpression":"Sum(CountTicketID)"},{"HeaderText":"Avg of Create to Resolve (Abs)","ColumnName":"MetCreateToResolveAbsolute","DataType":3,"SortColumnExpression":"MetCreateToResolveAbsolute","SortColumnName":"MetCreateToResolveAbsolute","SortDataType":3,"Aggregate":1,"Component":0,"FooterExpression":null}],"SortOrder":[],"ChartType":"BarVertical","ChartSettings":[{"Axis":"Name","ColumnLabel":"Prim Resp","ColumnName":"ResponsibleFullName"},{"Axis":"Value","ColumnLabel":"Create to Resolve (Abs)","ColumnName":"MetCreateToResolveAbsolute"}],"DataRows":[{"ResponsibleFullName":"Unassigned","CountTicketID":40,"MetCreateToResolveAbsolute":13.617837837837836},{"ResponsibleFullName":"Pedro Ventura","CountTicketID":133,"MetCreateToResolveAbsolute":120.55105263157893},{"ResponsibleFullName":"Natasha Reynoso","CountTicketID":88,"MetCreateToResolveAbsolute":135.17113636363632},{"ResponsibleFullName":"Roberto Stewart","CountTicketID":38,"MetCreateToResolveAbsolute":177.71684210526314},{"ResponsibleFullName":"Ronnie Walters","CountTicketID":118,"MetCreateToResolveAbsolute":174.95426086956516},{"ResponsibleFullName":"Allan Weston","CountTicketID":1,"MetCreateToResolveAbsolute":530.66},{"ResponsibleFullName":"Nicholas Marshall","CountTicketID":213,"MetCreateToResolveAbsolute":80.7645192307692},{"ResponsibleFullName":"Richard Dominguez","CountTicketID":1,"MetCreateToResolveAbsolute":22.83},{"ResponsibleFullName":"Eno Ajueyitsi","CountTicketID":11,"MetCreateToResolveAbsolute":383.72090909090912},{"ResponsibleFullName":"Ruth Santos","CountTicketID":133,"MetCreateToResolveAbsolute":66.153875968992253}],"ID":1168,"Name":"Tickets Resolved YTD","CreatedUid":"2a4d048a-f6f9-ec11-b47a-c89665342702","CreatedFullName":"Mike Sidnam","CreatedDate":"2023-02-28T20:10:05.62Z","OwningGroupID":null,"OwningGroupName":null,"SystemAppName":"TDTickets","PlatformAppID":30,"PlatformAppName":"Technology Tickets","ReportSourceID":2,"ReportSourceName":"Ticket","Uri":"api/reports/1168"}