{"Description":"","MaxResults":500,"DisplayedColumns":[{"HeaderText":"Type","ColumnName":"TypeName","DataType":1,"SortColumnExpression":"TypeName","SortColumnName":"TypeName","SortDataType":1,"Aggregate":0,"Component":0,"FooterExpression":null},{"HeaderText":"Ticket Count","ColumnName":"CountTicketID","DataType":2,"SortColumnExpression":"CountTicketID","SortColumnName":"CountTicketID","SortDataType":2,"Aggregate":0,"Component":0,"FooterExpression":"Sum(CountTicketID)"}],"SortOrder":[],"ChartType":"None","ChartSettings":[],"DataRows":[{"TypeName":"WiFi and Networking","CountTicketID":161}],"ID":1137,"Name":"WiFi & Networking Tickets 2022","CreatedUid":"2a4d048a-f6f9-ec11-b47a-c89665342702","CreatedFullName":"Mike Sidnam","CreatedDate":"2023-01-27T14:26:25.85Z","OwningGroupID":null,"OwningGroupName":null,"SystemAppName":"TDTickets","PlatformAppID":30,"PlatformAppName":"Technology Tickets","ReportSourceID":2,"ReportSourceName":"Ticket","Uri":"api/reports/1137"}