{"Description":"","MaxResults":500,"DisplayedColumns":[{"HeaderText":"Type","ColumnName":"TypeName","DataType":1,"SortColumnExpression":"TypeName","SortColumnName":"TypeName","SortDataType":1,"Aggregate":0,"Component":0,"FooterExpression":null},{"HeaderText":"Ticket Count","ColumnName":"CountTicketID","DataType":2,"SortColumnExpression":"CountTicketID","SortColumnName":"CountTicketID","SortDataType":2,"Aggregate":0,"Component":0,"FooterExpression":"Sum(CountTicketID)"}],"SortOrder":[{"ColumnLabel":"Ticket Count","ColumnName":"CountTicketID","IsAscending":true}],"ChartType":"Pie","ChartSettings":[{"Axis":"Name","ColumnLabel":"Type","ColumnName":"TypeName"},{"Axis":"Value","ColumnLabel":"Ticket Count","ColumnName":"CountTicketID"}],"DataRows":[{"TypeName":"Anecdotal Logs","CountTicketID":1},{"TypeName":"Conference Rooms","CountTicketID":1},{"TypeName":"Email Alias Request","CountTicketID":1},{"TypeName":"FamSys","CountTicketID":1},{"TypeName":"Gsuite","CountTicketID":1},{"TypeName":"Macbook Support","CountTicketID":1},{"TypeName":"Monday.Com Support","CountTicketID":1},{"TypeName":"SIS Reporting","CountTicketID":1},{"TypeName":"Scholar Email Support","CountTicketID":2},{"TypeName":"Scholar Pickup App Support","CountTicketID":2},{"TypeName":"Computers and Accessories","CountTicketID":2},{"TypeName":"E-Mail","CountTicketID":3},{"TypeName":"Other","CountTicketID":3},{"TypeName":"WiFi and Networking","CountTicketID":5},{"TypeName":"Accounts and Passwords","CountTicketID":11}],"ID":1116,"Name":"Ticket Volume By Type (Weekly)","CreatedUid":"29dfeb87-5606-ea11-a818-000d3a5668d8","CreatedFullName":"Jalil McCready","CreatedDate":"2023-01-20T15:36:22.583Z","OwningGroupID":null,"OwningGroupName":null,"SystemAppName":"TDTickets","PlatformAppID":30,"PlatformAppName":"Technology Tickets","ReportSourceID":2,"ReportSourceName":"Ticket","Uri":"api/reports/1116"}