{"Description":"","MaxResults":10000,"DisplayedColumns":[{"HeaderText":"Responsibility","ColumnName":"Responsibility","DataType":1,"SortColumnExpression":"Responsibility","SortColumnName":"Responsibility","SortDataType":1,"Aggregate":0,"Component":0,"FooterExpression":null},{"HeaderText":"Ticket Count","ColumnName":"CountTicketID","DataType":2,"SortColumnExpression":"CountTicketID","SortColumnName":"CountTicketID","SortDataType":2,"Aggregate":0,"Component":0,"FooterExpression":"Sum(CountTicketID)"}],"SortOrder":[{"ColumnLabel":"Ticket Count","ColumnName":"CountTicketID","IsAscending":false}],"ChartType":"Pie","ChartSettings":[{"Axis":"Name","ColumnLabel":"Responsibility","ColumnName":"Responsibility"},{"Axis":"Value","ColumnLabel":"Ticket Count","ColumnName":"CountTicketID"}],"DataRows":[{"Responsibility":"Unassigned","CountTicketID":19},{"Responsibility":"Pedro Ventura","CountTicketID":16},{"Responsibility":"Ronnie Walters","CountTicketID":13},{"Responsibility":"Ruth Santos","CountTicketID":9},{"Responsibility":"Nicholas Marshall","CountTicketID":9},{"Responsibility":"Eno Ajueyitsi","CountTicketID":5}],"ID":1115,"Name":"Help Desk Currently Assigned ","CreatedUid":"29dfeb87-5606-ea11-a818-000d3a5668d8","CreatedFullName":"Jalil McCready","CreatedDate":"2023-01-20T15:17:43.407Z","OwningGroupID":null,"OwningGroupName":null,"SystemAppName":"TDTickets","PlatformAppID":30,"PlatformAppName":"Technology Tickets","ReportSourceID":2,"ReportSourceName":"Ticket","Uri":"api/reports/1115"}