{"Description":"","MaxResults":500,"DisplayedColumns":[{"HeaderText":"Resp Group","ColumnName":"ResponsibleGroupName","DataType":1,"SortColumnExpression":"ResponsibleGroupName","SortColumnName":"ResponsibleGroupName","SortDataType":1,"Aggregate":0,"Component":0,"FooterExpression":null},{"HeaderText":"Ticket Count","ColumnName":"CountTicketID","DataType":2,"SortColumnExpression":"CountTicketID","SortColumnName":"CountTicketID","SortDataType":2,"Aggregate":0,"Component":0,"FooterExpression":"Sum(CountTicketID)"}],"SortOrder":[],"ChartType":"Pie","ChartSettings":[{"Axis":"Name","ColumnLabel":"Resp Group","ColumnName":"ResponsibleGroupName"},{"Axis":"Value","ColumnLabel":"Ticket Count","ColumnName":"CountTicketID"}],"DataRows":[{"ResponsibleGroupName":"Human Capital","CountTicketID":2},{"ResponsibleGroupName":"eDNA","CountTicketID":172},{"ResponsibleGroupName":"Instructional Services","CountTicketID":8},{"ResponsibleGroupName":"Automation","CountTicketID":300},{"ResponsibleGroupName":"Systems","CountTicketID":1014},{"ResponsibleGroupName":"HD: Hardware Support","CountTicketID":1321},{"ResponsibleGroupName":"Schooling Solutions","CountTicketID":346},{"ResponsibleGroupName":"HCSS","CountTicketID":1},{"ResponsibleGroupName":"IT Security","CountTicketID":21},{"ResponsibleGroupName":"Schooling Management","CountTicketID":24},{"ResponsibleGroupName":"HCIS","CountTicketID":30},{"ResponsibleGroupName":"Ed Institute","CountTicketID":4},{"ResponsibleGroupName":"Technology","CountTicketID":1}],"ID":1136,"Name":"Help Desk Escalated ticket volume by group 2022 ","CreatedUid":"2a4d048a-f6f9-ec11-b47a-c89665342702","CreatedFullName":"Mike Sidnam","CreatedDate":"2023-01-27T14:21:04.973Z","OwningGroupID":null,"OwningGroupName":null,"SystemAppName":"TDTickets","PlatformAppID":30,"PlatformAppName":"Technology Tickets","ReportSourceID":2,"ReportSourceName":"Ticket","Uri":"api/reports/1136"}